{
  "swagger": "2.0",
  "info": {
    "title": "Groceries King",
    "description": "<b>RESPONSES</b>::\n 200-> OK\n   401->Not Authorized\n   201->No Record\n 400->Bad Request \n 500->Internal Server Error",
    
      "version": "1.0"
  },
  "produces": ["application/json"],
  "paths": {
   
    "/api/mobile/auth/guestUser": {
      "post": {
        "x-swagger-router-controller": "api/delivery/auth/guestUser",
        "operationId": "index",
        "tags": [" Trial Login through mobile as a guest"],
        "description": "Use Login API for Trial Users as a guest",
        "parameters": [
          { "name": "deviceToken", "in": "formData", "type": "string" },
          { "name": "deviceId", "in": "formData", "type": "string","required":true },
          { "name": "platform",  "in": "formData", "required":"true", "type": "string" }
        ],
        "responses": {}
      }
    },

    "/api/mobile/auth/loginTrial": {
      "post": {
        "x-swagger-router-controller": "api/delivery/auth/loginTrial",
        "operationId": "index",
        "tags": ["Login through mobile "],
        "description": "Use Login API for Users",
        "parameters": [
          { "name": "phoneNumber",   "in": "formData",  "required":"true",  "type": "string" },
          { "name": "countryCode" ,"in": "formData",  "required":"true",  "type": "string" },
          { "name": "deviceToken", "in": "formData", "type": "string" },
          { "name": "deviceId", "in": "formData", "type": "string" },
          { "name": "platform",  "in": "formData", "required":"true", "type": "string" },
          { "name": "code",  "in": "formData", "required":"true", "type": "string" }
        ],
        "responses": {}
      }
    },



    "/api/mobile/deleteAccount": {
      "delete": {
        "x-swagger-router-controller": "api/mobile/deleteAccount",
        "operationId": "index",
        "tags": ["Delete Account "],
        "description": "Delete Account",
        "parameters": [
          { "name": "authorization",  "in": "header",  "required":"true" ,"type":"string"}
        ],
        "responses": {}
      }
    },


    "/api/mobile/auth/useReferral": {
      "post": {
        "x-swagger-router-controller": "api/mobile/auth/useReferral",
        "operationId": "index",
        "tags": ["Use Referral"],
        "description": "Use for User Referral",
        "parameters": [
          { "name": "authorization",  "in": "header",  "required":"true" ,"type":"string"},
          { "name": "referralCode",   "in": "formData",  "required":"true",  "type": "string" },
          { "name": "companyId",   "value":"89624900-a974-4849-9048-c32d6bed220ae9f13" ,"in": "formData",  "required":"true",  "type": "string" }
        ],
        "responses": {}
      }
    },

    "/api/mobile/profile/getProfile": {
      "get": {
        "x-swagger-router-controller": "/api/mobile/profile/getProfile",
        "operationId": "index",
        "tags": ["Get Profile"],
        "description": "Get User Profile",
        "parameters": [
          { "name": "authorization",  "in": "header",  "required":"true" ,"type":"string"}
        ],
        "responses": {}
      }
    },
 
    "/api/mobile/profile/updateProfile": {
      "post": {
        "x-swagger-router-controller": "/api/mobile/profile/updateProfile",
        "operationId": "index",
        "tags": ["Update Profile"],
        "description": "Update User Profile",
        "parameters": [
          { "name": "authorization",  "in": "header",  "required":"true" ,"type":"string"},
          { "name": "firstName",  "in": "formData",  "required":true },
          { "name": "lastName",  "in": "formData"},
          { "name": "email",  "in": "formData",  "required":true },
          { "name": "profileImage",  "in": "formData",  "required":true ,"type":"file"},
          { "name": "address",  "in": "formData",  "required":true ,"type":"string"},
          { "name": "dob",  "in": "formData",  "required":true ,"type":"string"},
          { "name": "maritalStatus",  "in": "formData",  "required":true ,"type":"string"},
          { "name": "anniversaryDate",  "in": "formData","type":"string"}
        ],
        "responses": {}
      }
    },
 
  "/api/mobile/profile/updateDatesInfo": {
    "post": {
      "x-swagger-router-controller": "/api/mobile/profile/updateDatesInfo",
      "operationId": "index",
      "tags": ["Update Date Information"],
      "description": "Update Date Information",
      "parameters": [
        { "name": "authorization",  "in": "header",  "required":"true" ,"type":"string"},
        { "name": "dob",  "in": "formData",  "required":"true" ,"type":"string" },
        { "name": "maritalStatus",  "in": "formData","required":true,"type":"string"},
        { "name": "anniversaryDate",  "in": "formData","type":"string"}
      ],  
      "responses": {}
    }
  },
 
  "/api/mobile/services/home": {
    "get": {
       "x-swagger-router-controller": "/api/mobile/services/home",
       "operationId": "index",
       "tags": ["Home"],
       "description": "Customer Home List API for Main screen",
       "parameters": [
          { "name": "authorization",  "in": "header",  "required":"true" ,"type":"string"},
          { "name": "deliveryType",  "in": "query",  "required":"true","type":"integer"},
          { "name": "lat",  "in": "query","type":"string","required":"true"},
          { "name": "lng",  "in": "query","type":"string","required":"true"},
          { "name": "platform",  "in": "query","type":"string"},
          { "name": "itemType",  "in": "query","type":"string"}
        ],
        "responses": {}
     }
   },
     


  "/api/web/services/getVendors": {
    "get": {
       "x-swagger-router-controller": "/api/web/services/getVendors",
       "operationId": "index",
       "tags": ["Get Vendors list"],
       "description": "Customer Home List API for Vendor",
       "parameters": [
          { "name": "authorization",  "in": "header", "type":"string"},
          { "name": "type",  "in": "query",  "required":"true","type":"integer"},
          { "name": "lat",  "in": "query","type":"string"},
          { "name": "lng",  "in": "query","type":"string"},
          { "name": "loginTime","type":"string","required":"true"},
          { "name": "limit",  "in": "query","type":"string"},
          { "name": "page",  "in": "query","type":"string"}
        ],
        "responses": {}
     }
   },

  "/api/web/services/getMainCategories": {
    "get": {
      "x-swagger-router-controller": "/api/web/services/getMainCategories",
      "operationId": "index",
      "tags": ["Website Get MainCategories list "],
      "description": "Get MainCategories list",
      "responses": {}
    }
  },

  "/api/web/services/getSuggested": {
    "get": {
      "x-swagger-router-controller": "/api/web/services/getSuggested",
      "operationId": "index",
      "tags": ["Website Get Suggested list "],
      "description": "Get Suggested list",
      "parameters": [
        { "name": "limit",  "in": "query","type":"string"},
        { "name": "page",  "in": "query","type":"string"},
        { "name": "companyId",  "in": "query","type":"string"},
        { "name": "authorization",  "in": "header", "type":"string"}

      ], 
      "responses": {}
    }
  },

  "/api/web/services/getTrending": {
    "get": {
      "x-swagger-router-controller": "/api/web/services/getTrending",
      "operationId": "index",
      "tags": ["Website Get Trending list "],
      "description": "Get Trending list",
      "parameters": [
        { "name": "limit",  "in": "query","type":"string"},
        { "name": "page",  "in": "query","type":"string"},
        { "name": "companyId",  "in": "query","type":"string"},
        { "name": "authorization",  "in": "header", "type":"string"}

      ],
      "responses": {}
    }
  },

  "/api/mobile/company/getCompanies": {
     "get": {
      "x-swagger-router-controller": "/api/mobile/company/getCompanies",
      "operationId": "index",
      "tags": ["All Vendors listing"],
      "description": "",
      "parameters": [
        { "name": "authorization",  "in": "header", "type":"string"},
        { "name": "deliveryType",  "in": "query",  "required":"true","type":"string"},
        { "name": "page",  "in": "query","type":"string"},
        { "name": "limit",  "in": "query","type":"string"},
        { "name": "lat",  "in": "query","type":"string"},
        { "name": "lng",  "in": "query","type":"string"},
        { "name": "categoryId",  "in": "query","type":"string"}
      ],   
      "responses": {}
    }
  },

  "/api/mobile/company/detail": {
    "get": {
      "x-swagger-router-controller": "/api/mobile/company/detail",
      "operationId": "index",
      "tags": ["Get Vendor Detail"],
      "description": "",
      "parameters": [
        { "name": "authorization",  "in": "header",  "required":"true" ,"type":"string"},
        { "name": "companyId",  "in": "query",  "required":"true","type":"string"}
      ],
      "responses": {}
    }
  },

  "/api/mobile/company/shipmentCharges": {
    "post": {
      "x-swagger-router-controller": "/api/mobile/company/shipmentCharges",
      "operationId": "index",
      "tags": ["Get Vendor Shipment Charges"],
      "description": "",
      "parameters": [
        { "name": "authorization",  "in": "header",  "required":"true" ,"type":"string"},
        { "name": "companyId",  "in": "formData",  "required":"true","type":"string"},
        { "name": "addressId",  "in": "formData",  "required":"true","type":"string"}
      ],
       "responses": {}
     }
   },

   
  "/api/mobile/company/gallery": {
    "post": {
      "x-swagger-router-controller": "/api/mobile/company/gallery",
      "operationId": "index",
      "tags": ["Get Vendor Gallery Details"],
      "description": "",
      "parameters": [
        { "name": "authorization",  "in": "header",  "required":"true" ,"type":"string"},
        { "name": "companyId",  "in": "formData",  "required":"true","type":"string"},
        { "name": "mediaType",  "in": "formData","type":"string" ,"description":"send 'photo' to get photos,'video' to get videos and send '' for all type of files "},
        { "name": "page",  "in": "formData", "type":"string"},
        { "name": "limit",  "in": "formData","type":"string"}
      ],
      "responses": {}
    }
  },

  "/api/mobile/company/gallery/add": {
    "post": {
      "x-swagger-router-controller": "/api/mobile/company/gallery/add",
      "operationId": "index",
      "tags": ["Add  Gallery images"],
      "description": "",
      "parameters": [
        { "name": "authorization",  "in": "header",  "required":"true" ,"type":"string"},
        { "name": "companyId",  "in": "formData",  "required":"true","type":"string"},
        { "name": "mediaType",  "required":"true", "in": "formData","type":"string" ,"description":"send 'photo' to upload photos,'video' to uplaod videos"},
        { "name": "title",   "in": "formData", "type":"string"},
        { "name": "description", "in": "formData","type":"string"},
        { "name": "media",  "in": "formData","type":"array",   "collectionFormat": "multi",
          "items": {
            "type": "file"
        }}
      ],  
      "responses": {}
    }
  },

  "/api/mobile/subscription/": {
    "get": {
      "x-swagger-router-controller": "/api/mobile/subscription",
      "operationId": "index",
      "tags": ["Get Subscription Plan"],
      "description": "",
      "parameters": [
        { "name": "authorization",  "in": "header",  "required":"true" ,"type":"string"}
      ],
      "responses": {}
    }
  },

  "/api/mobile/subscription/purchasePlan": {
    "post": {
      "x-swagger-router-controller": "/api/mobile/subscription/purchasePlan",
      "operationId": "index",
      "tags": ["Purchase Subscription Plan"],
      "description": "",
      "parameters": [
        { "name": "authorization",  "in": "header",  "required":"true" ,"type":"string"},
        { "name": "subscriptionId",  "in": "formData",  "required":"true","type":"string"},
        { "name": "amount",  "required":"true", "in": "formData","type":"string"},
        { "name": "durationId",   "required":"true",  "in": "formData", "type":"string"},
        { "name": "transactionId",   "required":"true",  "in": "formData", "type":"string"}
      ],
      "responses": {}
    }
  },

   "/api/mobile/services/getSubcat": {
     "get": {
       "x-swagger-router-controller": "/api/mobile/services/getSubcat",
       "operationId": "Subcategoeis",
       "tags": ["Get Subcategories"],
       "description": "",
       "parameters": [
         { "name": "authorization",  "in": "header",  "required":"true" ,"type":"string"},
         { "name": "companyId",  "in": "header",  "required":"true" ,"type":"string"},
         { "name": "category",  "in": "query",  "type":"string"},
         { "name": "platform",  "in": "query","type":"string"},
         { "name": "itemType",  "in": "query" ,"type":"string"}

    ],
 
       "responses": {}
     }
   },

   "/api/mobile/services/getServices": {
     "get": {
       "x-swagger-router-controller": "/api/mobile/services/getServices",
       "operationId": "index",
       "tags": ["Product Listing"],
       "description": "get Product listing by Category ID",
       "parameters": [
         { "name": "authorization",  "in": "header",  "required":"true" ,"type":"string"},
         { "name": "companyId",  "in": "header",  "required":"true" ,"type":"string"},
         { "name": "category",  "in": "query", "type":"string", "required":"true"},
         { "name": "page",  "in": "query" ,"type":"string"},
         { "name": "limit",  "in": "query" ,"type":"string"},
         { "name": "itemType", "derscription":"0->Veg, 1->Non Veg", "in": "query" ,"type":"string"}

   
    ],

  
   
   
       "responses": {}
     }
   },

 
   "/api/mobile/services/search": {
     "post": {
       "x-swagger-router-controller": "/api/mobile/services/search",
       "operationId": "index",
       "tags": ["Search Listing"],
       "description": "search items and vendor listing ",
       "parameters": [
         { "name": "authorization",  "in": "header",  "required":"true" ,"type":"string"},
         { "name": "search",  "in": "formData" ,"type":"string","required":"true"},
         { "name": "type",  "in": "formData", "type":"string"},
         { "name": "deliveryType",  "in": "formData", "type":"string","required":"true"},
         { "name": "page",  "in": "formData" ,"type":"string"},
         { "name": "limit",  "in": "formData" ,"type":"string"},
         { "name": "lat",  "in": "formData","type":"string"},
         { "name": "lng",  "in": "formData","type":"string"}
   
    ],

  
   
   
       "responses": {}
     }
   },

  "/api/mobile/services/detail": {
    "get": {
      "x-swagger-router-controller": "/api/mobile/services/detail",
      "operationId": "index",
      "tags": ["Product Detail"],
      "description": "get Product detail by service ID",
      "parameters": [
        { "name": "authorization",  "in": "header",  "required":"true" ,"type":"string"},
        { "name": "serviceId",  "in": "query",  "required":"true" ,"type":"string"}
      ],
      "responses": {}
     }
   },

  "/api/mobile/wallet/history": {
    "get": {
      "x-swagger-router-controller": "/api/mobile/wallet/history",
      "operationId": "index",
      "tags": ["Loyalty points history"],
      "description": "Loyalty points history",
      "parameters": [
        { "name": "authorization",  "in": "header",  "required":"true" ,"type":"string"}
      ],
      "responses": {}
    }
  },

  "/api/mobile/wallet/convertlpoint": {
    "get": {
      "x-swagger-router-controller": "/api/mobile/wallet/convertlpoint",
      "operationId": "index",
      "tags": ["Convert loyalty points to wallet balance"],
      "description": "Convert loyalty points to wallet balance",
      "parameters": [
        { "name": "authorization",  "in": "header",  "required":"true" ,"type":"string"}
      ],
      "responses": {}
    }
  },


  "/api/mobile/address/list": {
    "get": {
      "x-swagger-router-controller": "/api/mobile/address/list",
      "operationId": "index",
      "tags": ["Address Listing"],
      "description": "get Address  listing by User ID",
      "parameters": [
        { "name": "authorization",  "in": "header",  "required":"true" ,"type":"string"}
      ],
    "responses": {}
    }
  },

  "/api/mobile/address/add": {
    "post": {
      "x-swagger-router-controller": "/api/mobile/address/list",
      "operationId": "index",
      "tags": ["Add New Address"],
      "description": "get Prduct listing by Category ID",
      "parameters": [
        { "name": "authorization",  "in": "header",  "required":true,"type":"string"},
        { "name": "addressName",  "in": "formData",  "required":true ,"type":"string"},
        { "name": "latitude",  "in": "formData",  "required":true ,"type":"string"},
        { "name": "longitude",  "in": "formData",  "required":true ,"type":"string" },
        { "name": "city",  "in": "formData",  "required":true ,"type":"string"},
        { "name": "default",  "in": "formData","type":"integer"},
        { "name": "addressType",  "in": "formData"},
        { "name": "town",  "in": "formData"},
        { "name": "landmark",  "in": "formData"},
        { "name": "houseNo",  "in": "formData"}
      ],
      "responses": {}
    }
  },

  "/api/mobile/address/detail": {
    "get": {
      "x-swagger-router-controller": "/api/mobile/address/detail",
      "operationId": "index",
      "tags": [" Address Detail"],
      "description": "Address Detail",
      "parameters": [
        { "name": "authorization",  "in": "header",  "required":true,"type":"string"},
        { "name": "addressId",  "in": "query",  "required":true ,"type":"string"}
      ],
      "responses": {}
    }
  },

  "/api/mobile/address/update": {
    "put": {
      "x-swagger-router-controller": "/api/mobile/address/list",
      "operationId": "index",
      "tags": ["Update Address"],
      "description": "Update Address",
      "parameters": [
        { "name": "authorization",  "in": "header",  "required":true,"type":"string"},
        { "name": "addressId",  "in": "formData",  "required":true ,"type":"string"},
        { "name": "addressName",  "in": "formData",  "required":true ,"type":"string"},
        { "name": "latitude",  "in": "formData",  "required":true ,"type":"string"},
        { "name": "longitude",  "in": "formData",  "required":true ,"type":"string" },
        { "name": "city",  "in": "formData",  "required":true ,"type":"string"},
        { "name": "default",  "in": "formData","type":"integer"},
        { "name": "addressType",  "in": "formData"},
        { "name": "town",  "in": "formData"},
        { "name": "landmark",  "in": "formData"},
        { "name": "houseNo",  "in": "formData"}
      ],
      "responses": {}
    }
  },

  "/api/mobile/address/delete": {
    "delete": {
      "x-swagger-router-controller": "/api/mobile/address/delete",
      "operationId": "index",
      "tags": ["Address Delete"],
      "description": "get Prduct listing by Category ID",
      "parameters": [
        { "name": "authorization",  "in": "header",  "required":"true"},
        { "name": "addressId",  "in": "query",  "required":"true"}
      ],
      "responses": {}
    }   
  },

  "/api/mobile/favourite/list": {
    "get": {
      "x-swagger-router-controller": "/api/mobile/favourite/list",
      "operationId": "index",
      "tags": ["Favourite Listing"],
      "description": "get Favourite listing",
      "parameters": [
        { "name": "authorization",  "in": "header",  "required":"true" ,"type":"string"},
        { "name": "search",  "in": "query" ,"type":"string"}
      ],
      "responses": {}
    }
  },


  "/api/mobile/favourite/add": {
    "post": {
      "x-swagger-router-controller": "/api/mobile/favourite/add",
      "operationId": "index",
      "tags": ["Add to Favourite"],
      "description": "Company Add to favourite",
      "parameters": [
        { "name": "authorization",  "in": "header",  "required":"true" ,"type":"string"},
        { "name": "serviceId",  "in": "formData",  "required":"true" ,"type":"string"},
        { "name": "companyId",  "in": "formData",  "required":true ,"type":"string"}
      ],
      "responses": {}
    }
  },

  "/api/mobile/favourite/remove": {
    "delete": {
      "x-swagger-router-controller": "/api/mobile/favourite/remove",
      "operationId": "index",
      "tags": ["Remove from Favourites"],
      "description": "Remove from Favourites",
      "parameters": [
      { "name": "authorization",  "in": "header",  "required":"true" ,"type":"string"},
      { "name": "favId",  "in": "query",  "required":"true" ,"type":"string"}
      ],
      "responses": {}
    }
  },

  "/api/mobile/cart/list": {
    "get": {
      "x-swagger-router-controller": "/api/mobile/cart/list",
      "operationId": "index",
      "tags": ["Cart Listing"],
      "description": "get cart listing",
      "parameters": [
        { "name": "authorization",  "in": "header",  "required":"true" ,"type":"string"}
      ],
      "responses": {}
    }
  },

   "/api/mobile/cart/add": {
     "post": {
       "x-swagger-router-controller": "/api/mobile/cart/add",
       "operationId": "index",
       "tags": ["Add to Cart"],
       "description": "Add Item to Cart",
       "parameters": [
          { "name": "authorization",  "in": "header",  "required":true,"type":"string"},
          { "name": "serviceId",  "in": "formData",  "required":true ,"type":"string"},
          { "name": "orderPrice",  "in": "formData",  "required":true ,"type":"string"},
          { "name": "quantity",  "in": "formData",  "required":true ,"type":"string" },
          { "name": "orderTotalPrice",  "in": "formData",  "required":true ,"type":"string"},
          { "name": "deliveryType",  "in": "formData",  "required":true ,"type":"string"},
          { "name": "companyId",  "in": "formData",  "required":true,"type":"string"}
        ],   
      "responses": {}
     }
   },

  "/api/mobile/cart/update": {
    "put": {
      "x-swagger-router-controller": "/api/mobile/cart/update",
      "operationId": "index",
      "tags": ["Update Cart"],
      "description": "Update Cart from Customer",
      "parameters": [
        { "name": "authorization",  "in": "header",  "required":true,"type":"string"},
        { "name": "cartId",  "in": "formData",  "required":true ,"type":"string"},
        { "name": "quantity",  "in": "formData",  "required":true ,"type":"string" }
      ],
      "responses": {}
    }
  },

  "/api/mobile/cart/detail/{cartId}": {
    "get": {
      "x-swagger-router-controller": "/api/mobile/cart/detail",
      "operationId": "index",
      "tags": ["Cart Detail"],
      "description": "",
      "parameters": [
        { "name": "authorization",  "in": "header",  "required":true,"type":"string"},
        { "name": "cartId",  "in": "path",  "required":true ,"type":"string"}
      ],
      "responses": {}
    }
  },

  "/api/mobile/cart/remove": {
    "delete": {
      "x-swagger-router-controller": "/api/mobile/cart/remove",
      "operationId": "index",
      "tags": ["Remove Item from Cart"],
      "description": "Remove Item form cart using Cart ID",
      "parameters": [
        { "name": "authorization",  "in": "header",  "required":"true"},
        { "name": "cartId",  "in": "query",  "required":"true"}
      ],
      "responses": {}
    }
  },

  "/api/mobile/cart/clear": {
    "delete": {
      "x-swagger-router-controller": "/api/mobile/cart/clear",
      "operationId": "index",
      "tags": ["Clear Cart"],
      "description": "Clear Cart",
      "parameters": [
        { "name": "authorization",  "in": "header",  "required":"true"}
      ],
      "responses": {}
    }
  },

  "/api/mobile/schedule/getSchedule": {
    "get": {
      "x-swagger-router-controller": "/api/mobile/schedule/getSchedule",
      "operationId": "index",
      "tags": ["Get Schedule by date"],
      "description": "",
      "parameters": [
        { "name": "authorization",  "in": "header",  "required":true,"type":"string"},
        { "name": "companyId",  "in": "header",  "required":true ,"type":"string" },
        { "name": "serviceDate",  "in": "query",  "required":true ,"type":"string" ,"description ":"4-30-2020"}
      ],
      "responses": {
        "1": {
        "description": "Slots Available"
        },
        "2": {
        "description": "All Slots Full"
        },
        "0": {
        "description": "Past Slots"
        }
      }
    }
  },

  "/api/mobile/coupan/getPromoList": {
    "get": {
      "x-swagger-router-controller": "/api/mobile/coupan/getPromoList",
      "operationId": "index",
      "tags": ["Get Promo Listing"],
      "description": "Promo Listing",
      "parameters": [
        { "name": "authorization",  "in": "header",  "required":"true" ,"type":"string"}
      ],
      "responses": {}
    }
  },

  "/api/mobile/coupan/applyCoupan": {
    "post": {
    "x-swagger-router-controller": "/api/mobile/coupan/applyCoupan",
    "operationId": "index",
    "tags": ["Apply Coupon"],
    "description": "Apply Coupon",
    "parameters": [
      { "name": "authorization",  "in": "header",  "required":"true" ,"type":"string"},
      { "name": "promoCode",  "in": "formData",  "required":"true" ,"type":"string"}
    ],
    "responses": {}
    }
  },

  "/api/mobile/coupan/removeCoupan": {
    "post": {
      "x-swagger-router-controller": "/api/mobile/coupan/removeCoupan",
      "operationId": "index",
      "tags": ["Remove applied  Coupon"],
      "description": "Remove applied Coupon",
      "parameters": [
        { "name": "authorization",  "in": "header",  "required":"true" ,"type":"string"},
        { "name": "promoCode",  "in": "formData",  "required":"true" ,"type":"string"}
      ],
    "responses": {}
    }
  },

  "/api/mobile/orders/create": {
    "post": {
      "x-swagger-router-controller": "/api/mobile/orders/create",
      "operationId": "index",
      "tags": ["Create Order"],
      "description": "Create New Order",
      "parameters": [
        { "name": "authorization",  "in": "header",  "required":true,"type":"string"},
        { "name": "serviceDateTime",  "in": "formData",  "required":true ,"type":"string" ,"description": "eg. 2020-06-05 14:45:00" },
        { "name": "serviceCharges",  "in": "formData",  "required":true ,"type":"string"},
        { "name": "addressId",  "in": "formData",  "required":true ,"type":"string"},
        { "name": "deliveryType",  "in": "formData",  "required":true ,"type":"string"},
        { "name": "companyId",  "in": "formData",  "required":true ,"type":"string"},
        { "name": "tip",  "in": "formData", "type":"string"},
        { "name": "cookingInstructions",  "in": "formData", "type":"string"},
        { "name": "cookingInstMedia",  "in": "formData", "type":"file"},
        { "name": "deliveryInstructions",  "in": "formData", "type":"string"},
        { "name": "pickupInstructions",  "in": "formData", "type":"string"},
        { "name": "walletBalanceUsed",  "in": "formData", "type":"string","required":true},
        { "name": "pendingCharges",  "in": "formData", "type":"string","required":true},
        { "name": "taxAmount",  "in": "formData", "type":"string"},
        { "name": "taxPerecentage",  "in": "formData", "type":"string"},
        { "name": "taxName",  "in": "formData", "type":"string"},

        { "name": "paymentType",  "in": "formData", "type":"string","description":"1->Online, 2->Cash"}
      ],
      "responses": {}
    }
  },

  "/api/mobile/auth/createephemeralKeys": {
    "post": {
      "x-swagger-router-controller": "api/mobile/auth/createephemeralKeys",
      "operationId": "index",
      "tags": ["create EphemeralKeys"],
      "description": "Create Secret Key for customer while using Stripe",
      "parameters": [
        { "name": "authorization",  "in": "header",  "required":"true" ,"type":"string"},
        { "name": "apiVersion",   "in": "formData",  "required":"true",  "type": "string" }
      ],
      "responses": {}
    }
  },

  "/api/mobile/orders/createpaymentIntents": {
    "post": {
      "x-swagger-router-controller": "/api/mobile/orders/createpaymentIntents",
      "operationId": "index",
      "tags": ["Online checkout payment"],
      "description": "Order Payment",
      "parameters": [
        { "name": "authorization",  "in": "header",  "required":true,"type":"string"},
        { "name": "paymentMode",  "in": "formData",  "required":true ,"type":"string"},
        { "name": "paymentMethodId",  "in": "formData",  "required":true ,"type":"string"},
        { "name": "amount",  "in": "formData",  "required":true ,"type":"string"},
        { "name": "currency",  "in": "formData",  "required":true ,"type":"string"},
        { "name": "apiType",  "in": "formData",  "required":true ,"type":"string","description":"order->For order payment, pendingCharges->For Clear pending charges, subscription->Payment for subscription"}
      ],
      "responses": {}
    }
  },

  "/api/mobile/orders/paymentStatus": {
    "post": {
      "x-swagger-router-controller": "/api/mobile/orders/paymentStatus",
      "operationId": "index",
      "tags": ["Change Payment Status"],
      "description": "Order Payment  1->Success ,2 ->Failed",
      "parameters": [
        { "name": "authorization",  "in": "header",  "required":true,"type":"string"},
        { "name": "orderId",  "in": "formData",  "required":true ,"type":"string"},
        { "name": "status",  "in": "formData",  "required":true ,"type":"string","description":"1->Success ,2 ->Failed"},
        { "name": "transactionId",  "in": "formData",  "required":true ,"type":"string"},
        { "name": "paymentMode",  "in": "formData",  "required":true ,"type":"string"},
        { "name": "amount",  "in": "formData",  "required":true ,"type":"string"}
      ],
      "responses": {}
    }
  },

  "/api/mobile/orders/list": {
    "get": {
      "x-swagger-router-controller": "/api/mobile/orders/list",
      "operationId": "index",
      "tags": ["Orders Listing"],
      "description": "Orders Listing ",
      "parameters": [
        { "name": "authorization",  "in": "header",  "required":true,"type":"string"},
        { "name": "progressStatus",  "in": "query",  "required":true ,"type":"string",
        "description":"0>pending,1->Confirmed, 2->Cancelled, 3,6,7,8,9->In Progress, 4-> Cancelled by vendor, 5->completed"
        
        }
      ],
       "responses": {}
     }
  },


  "/api/mobile/orders/detail/{id}": {
    "get": {
      "x-swagger-router-controller": "/api/mobile/orders/detail/{id}",
      "operationId": "index",
      "tags": ["Order Info"],
      "description": "Fetch Order Detail",
      "parameters": [
        { "name": "authorization",  "in": "header",  "required":true,"type":"string"},
        { "name": "id",  "in": "path",  "required":true ,"type":"string"}
      ],
      "responses": {}
    }
  },

  

  "/api/mobile/orders/cancel": {
    "post": {
      "x-swagger-router-controller": "/api/mobile/orders/cancel",
      "operationId": "index",
      "tags": ["Cancel Order"],
      "description": "Order Cancellation from customer side",
      "parameters": [
        { "name": "authorization",  "in": "header",  "required":true,"type":"string"},
        { "name": "orderId",  "in": "formData",  "required":true ,"type":"string"},
        { "name": "cancellationReason",  "in": "formData","type":"string"},
        { "name": "otherReason",  "in": "formData","type":"string"}
      ],
      "responses": {}
    }
  },

  "/api/mobile/orders/reorder": {
    "post": {
      "x-swagger-router-controller": "/api/mobile/orders/reorder",
      "operationId": "index",
      "tags": ["Repeat Order"],
      "description": "Repeat Order",
      "parameters": [
        { "name": "authorization",  "in": "header",  "required":true,"type":"string"},
        { "name": "orderId",  "in": "formData",  "required":true ,"type":"string"}
      ],
      "responses": {}
    }
  },

  "/api/mobile/orders/instructions": {
    "get": {
      "x-swagger-router-controller": "/api/mobile/orders/instructions",
      "operationId": "index",
      "tags": ["Order Instructions"],
      "description": "Orders Instructions",
      "parameters": [
        { "name": "authorization",  "in": "header",  "required":true,"type":"string"},
        { "name": "companyId",  "in": "query",  "required":true ,"type":"string"},
        { "name": "deliveryType",  "in": "query",  "required":true ,"type":"string"}
      ],
      "responses": {}
    }
  },

  "/api/mobile/orders/status": {
    "post": {
      "x-swagger-router-controller": "/api/mobile/orders/status",
      "operationId": "index",
      "tags": ["Change Order Status"],
      "description": "Change Order Status",
      "parameters": [
        { "name": "authorization",  "in": "header",  "required":true,"type":"string"},
        { "name": "id",  "in": "formData",  "required":true ,"type":"string"},
        { "name": "status",  "in": "formData",  "required":true ,"type":"string"}
      ],
      "responses": {}
    }
  },

  "/api/mobile/orders/pendingCharges/history": {
    "post": {
      "x-swagger-router-controller": "/api/mobile/orders/pendingCharges/history",
      "operationId": "index",
      "tags": ["Pending Charges Wallet history"],
      "description": "Get Wallet Pending Charges",
      "parameters": [
        { "name": "authorization",  "in": "header",  "required":true,"type":"string"},
        { "name": "payType",  "in": "formData", "type":"string"},
        { "name": "limit",  "in": "formData",  "type":"string"},
        { "name": "page",  "in": "formData",  "type":"string"},
        { "name": "fromDate",  "in": "formData",  "type":"string"},
        { "name": "toDate",  "in": "formData",  "type":"string"}
      ],
      "responses": {}
    }
  },

  "/api/mobile/orders/clearPendingCharges": {
    "post": {
      "x-swagger-router-controller": "/api/mobile/orders/clearPendingCharges",
      "operationId": "index",
      "tags": ["Clear Pending Charges"],
      "description": "Clear Pending Carges",
      "parameters": [
        { "name": "authorization",  "in": "header",  "required":true,"type":"string"},
        { "name": "amount",  "in": "formData", "type":"string", "required":true},
        { "name": "status",  "in": "formData",  "type":"string", "required":true},
        { "name": "paymentMode",  "in": "formData",  "required":true ,"type":"string"},
        { "name": "transactionId",  "in": "formData",  "required":true ,"type":"string"}
      ],
      "responses": {}
    }
  },

  "/api/mobile/rating/serviceRatings": {
    "get": {
      "x-swagger-router-controller": "/api/mobile/rating/serviceRatings",
      "operationId": "index",
      "tags": ["Get Products all ratings"],
      "description": "Get Products Rating",
      "parameters": [
        { "name": "authorization",  "in": "header",  "required":true,"type":"string"},
        { "name": "serviceId",  "in": "query",  "required":true ,"type":"string"},
        { "name": "filterRating",  "in": "query", "type":"string","description":"e.g 1,2,3,4,5"},
        { "name": "page",  "in": "query", "type":"string"},
        { "name": "limit",  "in": "query", "type":"string"}
      ],
      "responses": {}
    }
  },

  "/api/mobile/rating/addStaffRating": {
    "post": {
      "x-swagger-router-controller": "/api/mobile/rating/addStaffRating",
      "operationId": "index",
      "tags": ["Add Emp Rating"],
      "description": "Add Employee Rating",
      "parameters": [
        { "name": "authorization",  "in": "header",  "required":true,"type":"string"},
        { "name": "orderId",  "in": "formData", "type":"string","required":true},
        { "name": "empId",  "in": "formData", "type":"string","required":true},
        { "name": "rating",  "in": "formData", "type":"string", "required":true },
        { "name": "companyId",  "in": "formData", "type":"string", "required":true },
        { "name": "review",  "in": "formData" }
      ],
      "responses": {}
    }
  },


  "/api/mobile/rating/addRating": {
    "post": {
      "x-swagger-router-controller": "/api/mobile/rating/addRating",
      "operationId": "index",
      "tags": ["Add Rating to Order,Vendor,Products"],
      "description": "Add Rating to Order,Vendor,Products",
      "parameters": [
        { "name": "authorization",  "in": "header",  "required":true,"type":"string"},
        { "name": "companyId",  "in": "formData", "type":"string","required":true},
        { "name": "orderId",  "in": "formData", "type":"string"},
        { "name": "ratingData",  "in": "formData","type":"array",   "collectionFormat": "multi",
         "items": {
           "type": "object","description":"{review:'very nice' ,rating:'2',serviceId:'SERVICE001'}"
          }},
        { "name": "rating",  "in": "formData", "type":"string","required":true},
        { "name": "foodQuantity",  "in": "formData", "type":"string","required":true},
        { "name": "foodQuality",  "in": "formData", "type":"string","required":true},
        { "name": "packingPres",  "in": "formData", "type":"string","required":true},
        { "name": "review",  "in": "formData", "type":"string"},
        { "name": "images",  "in": "formData","type":"array",   "collectionFormat": "multi",
         "items": {
           "type": "file"
          }}
       ],
      "responses": {}
    }
  },

  "/api/mobile/rating/companyRatings": {
      "get": {
      "x-swagger-router-controller": "/api/mobile/rating/companyRatings",
      "operationId": "index",
      "tags": ["Get Vendor Ratings"],
      "description": "Fetch Vendor Listing",
      "parameters": [
        { "name": "authorization",  "in": "header",  "required":true,"type":"string"},
        { "name": "companyId",  "in": "query", "type":"string" ,"required":true},
        { "name": "page",  "in": "query", "type":"string"},
        { "name": "limit",  "in": "query", "type":"string"}
      ],
      "responses": {}
    }
  },

  "/api/mobile/notification/": {
    "get": {
      "x-swagger-router-controller": "/api/mobile/notification/",
      "operationId": "index",
      "tags": ["Notification Listing"],
      "description": "Get All Notification Listing",
      "parameters": [
        { "name": "authorization",  "in": "header",  "required":true,"type":"string"}
      ],
    "responses": {}
    }
  },

  "/api/mobile/notification/clearAll": {
    "delete": {
      "x-swagger-router-controller": "/api/mobile/notification/clearAll",
      "operationId": "index",
      "tags": ["Clear All Notifications"],
      "description": "Clear All Notifications",
      "parameters": [
        { "name": "authorization",  "in": "header",  "required":true,"type":"string"}
      ],
      "responses": {}
    }
  },

  "/api/mobile/document": {
    "get": {
      "x-swagger-router-controller": "/api/mobile/document",
      "operationId": "index",
      "tags": ["get all document information"],
      "description": "Get All document Information such as about us, privacy, terms link",
      "parameters": [
        { "name": "authorization",  "in": "header",  "required":true,"type":"string"}
       ],
      "responses": {}
    }
  },

  "/api/mobile/newsletter": {
    "post": {
      "x-swagger-router-controller": "/api/mobile/newsletter",
      "operationId": "index",
      "tags": ["Subscribe news letter"],
      "description": "Subscribe News Letter",
      "parameters": [
        { "name": "email",  "in": "formData",  "required":true,"type":"string"}
      ],
      "responses": {}
    }
  },

  "/api/mobile/getFaq": {
    "get": {
      "x-swagger-router-controller": "/api/mobile/getFaq",
      "operationId": "index",
      "tags": ["get all Faq listing"],
      "description": "Get FAQ Listing",
      "parameters": [
        { "name": "authorization",  "in": "header",  "required":true,"type":"string"},
        { "name": "page",  "in": "query", "type":"string"},
        { "name": "limit",  "in": "query",  "type":"string"},
        { "name": "category",  "in": "query", "type":"string"}
      ],
      "responses": {}
    }
  },

  "/api/mobile/contactus": {
    "post": {
      "x-swagger-router-controller": "/api/mobile/contactus",
      "operationId": "index",
      "tags": ["Post Contact us query to admin"],
      "description": "Post Contact us query to admin",
      "parameters": [
        { "name": "authorization",  "in": "header",  "required":true,"type":"string"},
        { "name": "email",  "in": "formData",  "required":true,"type":"string"},
        { "name": "query",  "in": "formData",  "required":true,"type":"string"},
        { "name": "phoneNumber",  "in": "formData", "type":"string"}
      ],
      "responses": {}
    }
  },

  "/api/mobile/collectDetails": {
    "post": {
      "x-swagger-router-controller": "/api/mobile/collectDetails",
      "operationId": "index",
      "tags": ["Get all user information"],
      "description": "Get All User Information",
      "parameters": [
        { "name": "authorization",  "in": "header",  "required":true,"type":"string"},
        { "name": "email",  "in": "formData",  "required":true,"type":"string"},
        { "name": "purpose",  "in": "formData",  "type":"string"},
        { "name": "phoneNumber",  "in": "formData",  "required":true, "type":"string"},
        { "name": "name",  "in": "formData", "required":true, "type":"string"},
        { "name": "address",  "in": "formData", "required":true,"type":"string"}
      ],
      "responses": {}
    }
  },


  "/api/delivery/auth/signup": {
    "post": {
    "x-swagger-router-controller": "api/delivery/auth/signup",
    "operationId": "index",
    "tags": ["Rider Signup through mobile "],
    "description": "Authentication Delivery Signup through mobile",
    "parameters": [

      { "name": "code",  "in": "formData", "required":"true", "type": "string" },
      { "name": "firstName",  "in": "formData", "required":"true", "type": "string" },
      { "name": "lastName",  "in": "formData", "required":"true", "type": "string" },
      { "name": "email",  "in": "formData", "required":"true", "type": "string" },
      { "name": "phoneNumber",   "in": "formData",  "required":"true",  "type": "string" },
      { "name": "countryCode" ,"in": "formData",  "required":"true",  "type": "string" },
      { "name": "deviceToken", "in": "formData", "type": "string" },
      { "name": "licenseFront",  "in": "formData", "required":"true", "type": "string" },
      { "name": "licenseBack",  "in": "formData", "required":"true", "type": "file" },
      { "name": "profileImage",  "in": "formData", "required":"true", "type": "file" },
      { "name": "vehicleNo",  "in": "formData",  "type": "file" }

    ],
    "responses": {}
    }
  },


  "/api/delivery/auth/login": {
    "post": {
    "x-swagger-router-controller": "api/delivery/auth/login",
    "operationId": "index",
    "tags": ["Rider Login through mobile "],
    "description": "Authentication Delivery Rider Login through mobile",
    "parameters": [
      { "name": "phoneNumber",   "in": "formData",  "required":"true",  "type": "string" },
      { "name": "countryCode" ,"in": "formData",  "required":"true",  "type": "string" },
      { "name": "deviceToken", "in": "formData", "type": "string" },
      { "name": "platform",  "in": "Input", "required":"true", "type": "string" }
    ],
    "responses": {}
    }
  },

  "/api/delivery/auth/logout": {
    "post": {
      "x-swagger-router-controller": "api/delivery/auth/logout",
      "operationId": "index",
      "tags": ["Rider Logout via mobile "],
      "description": "Delivery Rider Logout",
      "parameters": [
        { "name": "authorization",  "in": "header",  "required":true,"type":"string"}
      ],
      "responses": {}
    }
  },

  "/api/delivery/profile/getProfile": {
    "get": {
      "x-swagger-router-controller": "api/delivery/profile/getProfile",
      "operationId": "index",
      "tags": ["Delivery get Profile "],
      "description": "Rider Get Profile Details",
      "parameters": [
        { "name": "authorization",  "in": "header",  "required":true,"type":"string"} 
      ],
      "responses": {}
    }
  },


  "/api/delivery/profile/geoFence": {
    "get": {
      "x-swagger-router-controller": "api/delivery/profile/geoFence",
      "operationId": "index",
      "tags": ["Delivery get Geofencing Profile "],
      "description": "Rider Get Geofencing Details",
      "parameters": [
        { "name": "authorization",  "in": "header",  "required":true,"type":"string"} 
      ],
      "responses": {}
    }
  },


  "/api/delivery/profile/updateDocument": {
    "get": {
      "x-swagger-router-controller": "api/delivery/profile/updateDocument",
      "operationId": "index",
      "tags": ["Delivery request for new document "],
      "description": "Delivery agent request for document verification",
      "parameters": [
        { "name": "authorization",  "in": "header",  "required":true,"type":"string"} ,
        { "name": "licenseFront",  "in": "formData",  "type":"file"}, 
        { "name": "licenseBack",  "in": "formData",  "type":"file"} 

      ],
      "responses": {}
    }
  },
  "/api/delivery/profile/settingsInfo": {
    "get": {
      "x-swagger-router-controller": "api/delivery/profile/settingsInfo",
      "operationId": "index",
      "tags": ["Delivery get Settings info "],
      "description": "Rider get Settings info",
      "parameters": [
        { "name": "authorization",  "in": "header",  "required":true,"type":"string"} 
      ],
      "responses": {}
    }
  },


  "/api/delivery/profile/earningHistory": {
    "get": {
      "x-swagger-router-controller": "api/delivery/profile/earningHistory",
      "operationId": "index",
      "tags": ["Delivery get Earning history "],
      "description": "Rider get Earning history ",
      "parameters": [
        { "name": "authorization",  "in": "header",  "required":true,"type":"string"},
        { "name": "page",  "in": "query",  "type":"string"}, 
        { "name": "limit",  "in": "query",  "type":"string"}, 
        { "name": "startDate",  "in": "query", "type":"string"}, 
        { "name": "endDate",  "in": "query",  "type":"string"} 

      ],
      "responses": {}
    }
  },

  "/api/delivery/profile/updateProfile": {
    "post": {
      "x-swagger-router-controller": "/api/delivery/profile/updateProfile",
      "operationId": "index",
      "tags": ["Update Delivery  Profile"],
      "description": "Update Profile",
      "parameters": [
        { "name": "authorization",  "in": "header",  "required":"true" ,"type":"string"},
        { "name": "firstName",  "in": "formData",  "required":true },
        { "name": "lastName",  "in": "formData"},
        { "name": "email",  "in": "formData",  "required":true },
        { "name": "profileImage",  "in": "formData",  "required":true ,"type":"file"},
        { "name": "address",  "in": "formData",  "required":true ,"type":"string"},
        { "name": "dob",  "in": "formData",  "required":true ,"type":"string"},
        { "name": "idProofName",  "in": "formData" ,"type":"string"},
        { "name": "idProof",  "in": "formData","type":"file"},
        { "name": "coverImage",  "in": "formData","type":"file"}
      ],
      "responses": {}
    }
  },

  "/api/delivery/profile/getIdInfo": {
    "get": {
      "x-swagger-router-controller": "api/delivery/profile/getIdInfo",
      "operationId": "index",
      "tags": ["Delivery get Id Info "],
      "description": "Delivery get Id Info",
      "parameters": [
        { "name": "authorization",  "in": "header",  "required":true,"type":"string"} 
      ],
      "responses": {}
    }
  },

  "/api/delivery/profile/getBankDetail": {
    "get": {
      "x-swagger-router-controller": "api/delivery/profile/getBankDetail",
      "operationId": "index",
      "tags": ["Delivery get Bank Details "],
      "description": "Delivery get Bank Details",
      "parameters": [
        { "name": "authorization",  "in": "header",  "required":true,"type":"string"} 
      ],
      "responses": {}
    }
  },

  "/api/delivery/profile/updateBankDetail": {
    "post": {
      "x-swagger-router-controller": "api/delivery/profile/updateBankDetail",
      "operationId": "index",
      "tags": ["Delivery update Bank Details "],
      "description": "Delivery update Bank Details",
      "parameters": [
        { "name": "authorization",  "in": "header",  "required":true,"type":"string"},
        { "name": "accountId",  "in": "formData",  "type":"string"},
        { "name": "accountNo",  "in": "formData",  "required":true,"type":"string"},
        { "name": "acHolderName",  "in": "formData",  "required":true,"type":"string"},
        { "name": "bankName",  "in": "formData",  "required":true,"type":"string"},
        { "name": "branchIFSC",  "in": "formData",  "required":true,"type":"string"},
        { "name": "branchName",  "in": "formData","type":"string"}
      ],
      "responses": {}
    }
  },

  "/api/delivery/profile/transferMoney": {
    "post": {
      "x-swagger-router-controller": "api/delivery/profile/transferMoney",
      "operationId": "index",
      "tags": ["Delivery transfer money wallet to bank account number "],
      "description": "Delivery transfer money wallet to bank account number",
      "parameters": [
        { "name": "authorization",  "in": "header",  "required":true,"type":"string"},
        { "name": "amount",  "in": "formData",  "required":true,"type":"string"}
      ],
      "responses": {}
    }
  },

  "/api/delivery/profile/wallet/history": {
    "post": {
      "x-swagger-router-controller": "api/delivery/profile/wallet/history",
      "operationId": "index",
      "tags": ["Wallet transaction history"],
      "description": "Authentication",
      "parameters": [
        { "name": "authorization",  "in": "header",  "required":"true" ,"type":"string"},
        { "name": "fromDate",   "in": "formData",    "type": "string" },
        { "name": "toDate" ,"in": "formData",  "type": "string" },
        { "name": "page", "in": "formData", "type": "string" },
        { "name": "limit",  "in": "formData",  "type": "string" },
        { "name": "payType",  "in": "formData",  "type": "string" ,"description":"0->debit , 1->credit"}
      ],
      "responses": {}
    }
  },

  "/api/delivery/auth/markStatus": {
    "post": {
      "x-swagger-router-controller": "/api/delivery/orders/status",
      "operationId": "index",
      "tags": ["Delivery Change Online/offline Status"],
      "description": "Delivery Online/offline  Status ",
      "parameters": [
        { "name": "authorization",  "in": "header",  "required":true,"type":"string"},
        { "name": "status",  "in": "formData",  "required":true ,"type":"string"}
      ],
      "responses": {}
    }
  },

  "/api/delivery/orders/list": {
    "get": {
      "x-swagger-router-controller": "/api/delivery/orders/list",
      "operationId": "index",
      "tags": ["Get rider Order Listing"],
      "description": "Get rider Order Listing",
      "parameters": [
        { "name": "authorization",  "in": "header",  "required":true,"type":"string"},
        { "name": "limit",  "in": "query", "type":"string"},
        { "name": "page",  "in": "query", "type":"string"},
        { "name": "jobStatus",  "in": "query", "type":"string", "description":"e.g : 0,1,2  >>More Info :  0>Pending, 1->Accepted, 2->Cancelled, 3->Completed"}
      ],
      "responses": {}
    }
  },

  "/api/delivery/orders/detail/{id}": {
    "get": {
      "x-swagger-router-controller": "/api/delivery/orders/detail/{id}",
      "operationId": "index",
      "tags": ["Get rider Order Info"],
      "description": "Orders Detail",
      "parameters": [
        { "name": "authorization",  "in": "header",  "required":true,"type":"string"},
        { "name": "id",  "in": "path",  "required":true ,"type":"string"}
      ],
      "responses": {}
    }
  },

  "/api/delivery/orders/updateDelay": {
    "post": {
      "x-swagger-router-controller": "/api/delivery/orders/updateDelay",
      "operationId": "index",
      "tags": ["Update Delay"],
      "description": "Order delay updation ",
      "parameters": [
        { "name": "authorization",  "in": "header",  "required":true,"type":"string"},
        { "name": "orderId",  "in": "formData",  "required":true ,"type":"string"},
        { "name": "time",  "in": "formData",  "required":true ,"type":"string"},
        { "name": "delayReason",  "in": "formData",  "required":true ,"type":"string"}
      ],
      "responses": {}
    }
  },

  "/api/delivery/orders/acceptJob": {
    "post": {
      "x-swagger-router-controller": "/api/delivery/orders/acceptJob",
      "operationId": "index",
      "tags": ["Rider Accept Job"],
      "description": "Rider accpet Job ",
      "parameters": [
        { "name": "authorization",  "in": "header",  "required":true,"type":"string"},
        { "name": "id",  "in": "formData",  "required":true ,"type":"string"},
        { "name": "orderId",  "in": "formData",  "required":true ,"type":"string"}
      ],
      "responses": {}
    }
  },

  "/api/delivery/orders/rejectJob": {
    "post": {
      "x-swagger-router-controller": "/api/delivery/orders/rejectJob",
      "operationId": "index",
      "tags": ["Rider Reject Job"],
      "description": "Rider reject Job  ",
      "parameters": [
        { "name": "authorization",  "in": "header",  "required":true,"type":"string"},
        { "name": "id",  "in": "formData",  "required":true ,"type":"string"},
        { "name": "orderId",  "in": "formData",  "required":true ,"type":"string"}
      ],
      "responses": {}
    }
  },

  "/api/delivery/orders/getCancelReasons": {
    "get": {
      "x-swagger-router-controller": "/api/delivery/orders/getCancelReasons",
      "operationId": "index",
      "tags": ["Rider get all cancellation reasons "],
      "description": "Rider get all cancellation reasons",
      "parameters": [
        { "name": "authorization",  "in": "header",  "required":true,"type":"string"}
      ],
      "responses": {}
    }
  },

  "/api/delivery/orders/submitCancel": {
    "post": {
      "x-swagger-router-controller": "/api/delivery/orders/submitCancel",
      "operationId": "index",
      "tags": ["Rider Cancel  Job after accept"],
      "description": "Rider cancel Job after accept ",
      "parameters": [
        { "name": "authorization",  "in": "header",  "required":true,"type":"string"},
        { "name": "orderId",  "in": "formData",  "required":true ,"type":"string"},
        { "name": "reasonId",  "in": "formData",  "required":true ,"type":"string"},
        { "name": "otherReason",  "in": "formData","type":"string"}
      ],
      "responses": {}
    }
  },
  
  "/api/delivery/orders/allStatus": {
    "get": {
      "x-swagger-router-controller": "/api/delivery/orders/allStatus",
      "operationId": "index",
      "tags": ["Get all Order Delivery Status"],
      "description": "Rider Order Status ",
      "parameters": [
        { "name": "authorization",  "in": "header",  "required":true,"type":"string"}
      ],
      "responses": {}
    }
  },

  "/api/delivery/orders/status": {
    "post": {
      "x-swagger-router-controller": "/api/delivery/orders/status",
      "operationId": "index",
      "tags": ["Rider Change Order Status"],
      "description": "Rider change Order Status ",
      "parameters": [
        { "name": "authorization",  "in": "header",  "required":true,"type":"string"},
        { "name": "id",  "in": "formData",  "required":true ,"type":"string"},
        { "name": "status",  "in": "formData",  "required":true ,"type":"string"},
        { "name": "image",  "in": "formData", "type":"file"}
      ],
      "responses": {}
    }
  },

  "/api/delivery/orders/cashCollected": {
    "post": {
      "x-swagger-router-controller": "/api/delivery/orders/cashCollected",
      "operationId": "index",
      "tags": ["Collect Cash from customer"],
      "description": "Change Payment Status after collecting money from customer Order Payment  1->Success ,2 ->Failed",
      "parameters": [
        { "name": "authorization",  "in": "header",  "required":true,"type":"string"},
        { "name": "orderId",  "in": "formData",  "required":true ,"type":"string"},
        { "name": "amount",  "in": "formData",  "required":true ,"type":"string"},
        { "name": "currency",  "in": "formData",  "required":true ,"type":"string"}
      ],
      "responses": {}
    }
  },

  "/api/delivery/orders/feedbacklist": {
    "get": {
      "x-swagger-router-controller": "/api/delivery/orders/feedbacklist",
      "operationId": "index",
      "tags": ["Rider get all feedbacks "],
      "description": "Rider get all feedbacks",
      "parameters": [
        { "name": "authorization",  "in": "header",  "required":true,"type":"string"},
        { "name": "page",  "in": "query", "type":"string"},
        { "name": "limit",  "in": "query", "type":"string"}
      ],
      "responses": {}
    }
  },

  "/api/delivery/notification/": {
    "get": {
      "x-swagger-router-controller": "/api/delivery/notification/",
      "operationId": "index",
      "tags": ["Rider Notification Listing"],
      "description": "Rider Notification Listing",
      "parameters": [
        { "name": "authorization",  "in": "header",  "required":true,"type":"string"}
      ],
      "responses": {}
    }
  },

  "/api/delivery/notification/clearAll": {
    "delete": {
      "x-swagger-router-controller": "/api/delivery/notification/clearAll",
      "operationId": "index",
      "tags": ["Rider Clear All Notifications"],
      "description": "Rider Clear All Notifications",
      "parameters": [
        { "name": "authorization",  "in": "header",  "required":true,"type":"string"}
      ],
      "responses": {}
    }
  }






  }
}